Comuna,mean_ivc
Popular,0.48344801482501865
Manrique,0.44277347593763683
Santa Cruz,0.43891637489788693
Corregimiento de San Sebastián de Palmitas,0.42841306770511195
Corregimiento de Santa Elena,0.4224924372069566
Villa Hermosa,0.40965458783044645
Aranjuez,0.38133754476880444
Doce de Octubre,0.37995606238180146
San Javier,0.3795686656921039
Corregimiento de Altavista,0.37500318067225535
Robledo,0.3466823562939289
Corregimiento de San Cristóbal,0.3449549207289521
San Cristobal,0.3356407493130972
San Antonio de Prado,0.33017906759189547
San Cristóbal,0.3274925468812349
Doce de octubre,0.32742177248240945
Altavista,0.3255389543370808
San Sebastián De Palmitas,0.32286739218615407
Santa Elena,0.31379428448887076
Corregimiento de San Antonio de Prado,0.31100924659227686
Belen,0.3107019984864591
Palmitas,0.3078717244893536
Castilla,0.30503454336007096
Buenos Aires,0.30473797508731987
Poblado,0.3017144325371434
Laureles—Estadio,0.29317007226384634
Belén,0.2750660721590072
La Candelaria,0.2709952623799032
La America,0.2705997874128113
Guayabal,0.25995588344354925
La América,0.24656048930468105
Laureles Estadio,0.19454612248506667
El Poblado,0.17989088420079374
